{
  "equal": {
    "mean": 0.40117702892204,
    "median": 0.15973476010609833,
    "std": 1.4973836872339719,
    "min": -1.7628912194762931,
    "max": 7.392438775600794,
    "count": 640
  },
  "expert": {
    "mean": 0.424267459168091,
    "median": 0.1600809513647135,
    "std": 1.5362825227431538,
    "min": -1.662628651102773,
    "max": 7.787436530884219,
    "count": 640
  },
  "category": {
    "mean": 0.06969830151187192,
    "median": 0.043857441651013185,
    "std": 0.371478689025059,
    "min": -0.5587189512880124,
    "max": 1.519317090453954,
    "count": 640
  }
}